true_label,plain_pred,fhe_pred,fhe_time
2,3,0,3.8263301849365234
1,1,1,1.5855867862701416
0,0,0,1.4813237190246582
4,4,4,1.4278054237365723
0,0,0,1.519486427307129
